{
    "offset_distance": -0.1,
    "input_polygon": [
        1.0,
        0.0,
        0.8090169943749475,
        0.5877852522924731,
        0.30901699437494745,
        0.9510565162951535,
        -0.30901699437494734,
        0.9510565162951536,
        -0.8090169943749473,
        0.5877852522924732,
        -1.0,
        1.2246467991473532e-16,
        -0.8090169943749475,
        -0.587785252292473,
        -0.30901699437494756,
        -0.9510565162951535,
        0.30901699437494723,
        -0.9510565162951536,
        0.8090169943749473,
        -0.5877852522924734,
        1.0,
        0.0
    ],
    "output_polygon": [
        0.8948537775761732,
        0.0,
        0.7239519135397434,
        0.5259818534174836,
        0.2765250247516568,
        0.8510565162951536,
        -0.2765250247516567,
        0.8510565162951537,
        -0.7239519135397433,
        0.5259818534174837,
        -0.8948537775761732,
        1.163275179749783e-16,
        -0.7239519135397434,
        -0.5259818534174836,
        -0.2765250247516569,
        -0.8510565162951536,
        0.27652502475165663,
        -0.8510565162951537,
        0.7239519135397433,
        -0.5259818534174838,
        0.8948537775761732,
        0.0
    ]
}