{
    "offset_distance": 0.1,
    "input_polygon": [
        1.0,
        0.0,
        0.8090169943749475,
        0.5877852522924731,
        0.30901699437494745,
        0.9510565162951535,
        -0.30901699437494734,
        0.9510565162951536,
        -0.8090169943749473,
        0.5877852522924732,
        -1.0,
        1.2246467991473532e-16,
        -0.8090169943749475,
        -0.587785252292473,
        -0.30901699437494756,
        -0.9510565162951535,
        0.30901699437494723,
        -0.9510565162951536,
        0.8090169943749473,
        -0.5877852522924734,
        1.0,
        0.0
    ],
    "output_polygon": [
        1.1051462224238267,
        0.0,
        0.8940820752101515,
        0.6495886511674627,
        0.3415089639982381,
        1.0510565162951535,
        -0.341508963998238,
        1.0510565162951537,
        -0.8940820752101514,
        0.6495886511674628,
        -1.1051462224238267,
        1.2860184185449235e-16,
        -0.8940820752101515,
        -0.6495886511674624,
        -0.3415089639982382,
        -1.0510565162951535,
        0.3415089639982378,
        -1.0510565162951537,
        0.8940820752101514,
        -0.6495886511674629,
        1.1051462224238267,
        0.0
    ]
}